Age_Group,Leave_Support_Percentage,Remain_Support_Percentage
<18,79.76788,58.78737
20-39,82.76788,76.98788
40-59,89.15811,100.78665
60-79,66.69769,43.302309
80+,27.28443,52.71556
