Country,Year,Anxiety_Level
Wales,2012,2.607134772
Wales,2018,2.95030686
Wales,2014,3.420576797
Wales,2016,3.2391847
Scotland,2016,2.819541258
Scotland,2018,2.889721265
Scotland,2012,3.190812119
Scotland,2014,3.263154673
Northern Ireland,2018,3.054213337
Northern Ireland,2014,3.093789833
Northern Ireland,2012,2.744656979
Northern Ireland,2016,2.507969253
England,2016,3.18790932
England,2018,2.94700014
England,2014,2.727093975
England,2012,3.358128923
